<?xml version="1.0" encoding="UTF-8" standalone="no"?>
<document type="com.apple.InterfaceBuilder3.CocoaTouch.Storyboard.XIB" version="3.0" toolsVersion="11201" systemVersion="15G1611" targetRuntime="iOS.CocoaTouch" propertyAccessControl="none" useAutolayout="YES" useTraitCollections="YES" colorMatched="YES" initialViewController="IKb-kw-yhb">
    <dependencies>
        <deployment identifier="iOS"/>
        <plugIn identifier="com.apple.InterfaceBuilder.IBCocoaTouchPlugin" version="11161"/>
        <capability name="documents saved in the Xcode 8 format" minToolsVersion="8.0"/>
    </dependencies>
    <scenes>
        <!--Game View Controller-->
        <scene sceneID="tXr-a1-R10">
            <objects>
                <viewController id="BV1-FR-VrT" customClass="GameViewController" customModule="CircleBugs" customModuleProvider="target" sceneMemberID="viewController">
                    <layoutGuides>
                        <viewControllerLayoutGuide type="top" id="8aa-yV-Osq"/>
                        <viewControllerLayoutGuide type="bottom" id="qHh-Mt-9TT"/>
                    </layoutGuides>
                    <view key="view" multipleTouchEnabled="YES" contentMode="scaleToFill" id="3se-qz-xqx" customClass="SKView">
                        <rect key="frame" x="0.0" y="0.0" width="768" height="1024"/>
                        <autoresizingMask key="autoresizingMask" widthSizable="YES" heightSizable="YES"/>
                        <subviews>
                            <textField opaque="NO" clipsSubviews="YES" contentMode="scaleToFill" fixedFrame="YES" contentHorizontalAlignment="left" contentVerticalAlignment="center" text="Enter name" borderStyle="roundedRect" textAlignment="natural" clearsOnBeginEditing="YES" minimumFontSize="17" translatesAutoresizingMaskIntoConstraints="NO" id="uvJ-eD-8w9">
                                <frame key="frameInset" minX="325" minY="408" width="146" height="30"/>
                                <autoresizingMask key="autoresizingMask" flexibleMaxX="YES" flexibleMaxY="YES"/>
                                <nil key="textColor"/>
                                <fontDescription key="fontDescription" type="system" pointSize="14"/>
                                <textInputTraits key="textInputTraits"/>
                            </textField>
                            <textView clipsSubviews="YES" multipleTouchEnabled="YES" contentMode="scaleToFill" fixedFrame="YES" text="Highscore:" textAlignment="center" translatesAutoresizingMaskIntoConstraints="NO" id="nFE-y1-dxq">
                                <frame key="frameInset" minX="278" minY="535" width="240" height="128"/>
                                <autoresizingMask key="autoresizingMask" flexibleMaxX="YES" flexibleMaxY="YES"/>
                                <color key="backgroundColor" white="1" alpha="1" colorSpace="calibratedWhite"/>
                                <fontDescription key="fontDescription" type="system" pointSize="20"/>
                                <textInputTraits key="textInputTraits" autocapitalizationType="sentences"/>
                            </textView>
                            <button opaque="NO" contentMode="scaleToFill" fixedFrame="YES" contentHorizontalAlignment="center" contentVerticalAlignment="center" buttonType="roundedRect" lineBreakMode="middleTruncation" translatesAutoresizingMaskIntoConstraints="NO" id="M8U-Jq-Geo">
                                <frame key="frameInset" minX="350" minY="464" width="96" height="38"/>
                                <autoresizingMask key="autoresizingMask" flexibleMaxX="YES" flexibleMaxY="YES"/>
                                <color key="backgroundColor" white="1" alpha="1" colorSpace="calibratedWhite"/>
                                <state key="normal" title="Submit"/>
                                <connections>
                                    <action selector="HighscoreButton:" destination="BV1-FR-VrT" eventType="touchUpInside" id="jxu-vO-SCk"/>
                                    <segue destination="IKb-kw-yhb" kind="show" id="T5H-E2-mlU"/>
                                </connections>
                            </button>
                        </subviews>
                        <color key="backgroundColor" red="0.0" green="0.0" blue="0.0" alpha="1" colorSpace="custom" customColorSpace="sRGB"/>
                    </view>
                    <connections>
                        <outlet property="WindowView" destination="3se-qz-xqx" id="Gok-hf-LV6"/>
                        <outlet property="highscoreText" destination="nFE-y1-dxq" id="Jvt-OI-TWs"/>
                        <outlet property="nameText" destination="uvJ-eD-8w9" id="cQR-kK-oO9"/>
                        <outlet property="submitButton" destination="M8U-Jq-Geo" id="YCn-ta-xxQ"/>
                    </connections>
                </viewController>
                <placeholder placeholderIdentifier="IBFirstResponder" id="SZV-WD-TEh" sceneMemberID="firstResponder"/>
            </objects>
            <point key="canvasLocation" x="701.5625" y="83.7890625"/>
        </scene>
        <!--View Controller-->
        <scene sceneID="hq7-vI-kJy">
            <objects>
                <viewController id="IKb-kw-yhb" sceneMemberID="viewController">
                    <layoutGuides>
                        <viewControllerLayoutGuide type="top" id="asa-Yh-lbG"/>
                        <viewControllerLayoutGuide type="bottom" id="mqj-vk-Kih"/>
                    </layoutGuides>
                    <view key="view" contentMode="scaleToFill" id="Xgu-6w-1Le">
                        <rect key="frame" x="0.0" y="0.0" width="768" height="1024"/>
                        <autoresizingMask key="autoresizingMask" widthSizable="YES" heightSizable="YES"/>
                        <subviews>
                            <button opaque="NO" contentMode="scaleToFill" fixedFrame="YES" contentHorizontalAlignment="center" contentVerticalAlignment="center" buttonType="roundedRect" lineBreakMode="middleTruncation" translatesAutoresizingMaskIntoConstraints="NO" id="tlc-4Y-sLE">
                                <frame key="frameInset" minX="203" minY="186" width="311" height="225"/>
                                <autoresizingMask key="autoresizingMask" flexibleMaxX="YES" flexibleMaxY="YES"/>
                                <fontDescription key="fontDescription" type="system" pointSize="40"/>
                                <state key="normal" title="Start Game"/>
                                <connections>
                                    <segue destination="BV1-FR-VrT" kind="show" id="Wvr-fg-KCm"/>
                                </connections>
                            </button>
                            <button opaque="NO" contentMode="scaleToFill" fixedFrame="YES" contentHorizontalAlignment="center" contentVerticalAlignment="center" buttonType="roundedRect" lineBreakMode="middleTruncation" translatesAutoresizingMaskIntoConstraints="NO" id="OQv-sk-01p">
                                <frame key="frameInset" minX="241" minY="419" width="235" height="199"/>
                                <autoresizingMask key="autoresizingMask" flexibleMaxX="YES" flexibleMaxY="YES"/>
                                <fontDescription key="fontDescription" type="system" pointSize="40"/>
                                <state key="normal" title="Highscore"/>
                                <connections>
                                    <segue destination="e6h-Fm-YMt" kind="show" id="1tL-uy-f8q"/>
                                </connections>
                            </button>
                        </subviews>
                        <color key="backgroundColor" white="1" alpha="1" colorSpace="calibratedWhite"/>
                    </view>
                </viewController>
                <placeholder placeholderIdentifier="IBFirstResponder" id="PY6-Qo-Yqo" userLabel="First Responder" sceneMemberID="firstResponder"/>
            </objects>
            <point key="canvasLocation" x="-79.6875" y="83.7890625"/>
        </scene>
        <!--Highscore-->
        <scene sceneID="Htg-e3-G2E">
            <objects>
                <viewController title="Highscore" id="e6h-Fm-YMt" customClass="TextUpdateController" customModule="CircleBugs" customModuleProvider="target" sceneMemberID="viewController">
                    <layoutGuides>
                        <viewControllerLayoutGuide type="top" id="O9E-9a-R5E"/>
                        <viewControllerLayoutGuide type="bottom" id="28L-A1-xRK"/>
                    </layoutGuides>
                    <view key="view" contentMode="scaleToFill" id="sJj-pE-YJF">
                        <rect key="frame" x="0.0" y="0.0" width="768" height="1024"/>
                        <autoresizingMask key="autoresizingMask" widthSizable="YES" heightSizable="YES"/>
                        <subviews>
                            <label opaque="NO" userInteractionEnabled="NO" contentMode="left" horizontalHuggingPriority="251" verticalHuggingPriority="251" fixedFrame="YES" text="Highscore" textAlignment="natural" lineBreakMode="tailTruncation" baselineAdjustment="alignBaselines" adjustsFontSizeToFit="NO" translatesAutoresizingMaskIntoConstraints="NO" id="2dd-g1-4Uo">
                                <frame key="frameInset" minX="306" minY="49" width="189" height="142"/>
                                <autoresizingMask key="autoresizingMask" flexibleMaxX="YES" flexibleMaxY="YES"/>
                                <fontDescription key="fontDescription" type="system" pointSize="40"/>
                                <nil key="textColor"/>
                                <nil key="highlightedColor"/>
                            </label>
                            <button opaque="NO" contentMode="scaleToFill" fixedFrame="YES" contentHorizontalAlignment="center" contentVerticalAlignment="center" buttonType="roundedRect" lineBreakMode="middleTruncation" translatesAutoresizingMaskIntoConstraints="NO" id="KW1-s2-4nn">
                                <frame key="frameInset" minX="321" minY="870" width="127" height="69"/>
                                <autoresizingMask key="autoresizingMask" flexibleMaxX="YES" flexibleMaxY="YES"/>
                                <fontDescription key="fontDescription" type="system" pointSize="40"/>
                                <state key="normal" title="Back"/>
                                <connections>
                                    <segue destination="IKb-kw-yhb" kind="show" id="0uL-no-nmR"/>
                                </connections>
                            </button>
                            <textView clipsSubviews="YES" multipleTouchEnabled="YES" contentMode="scaleToFill" fixedFrame="YES" editable="NO" textAlignment="center" selectable="NO" translatesAutoresizingMaskIntoConstraints="NO" id="aE9-3J-7O5">
                                <frame key="frameInset" minX="264" minY="199" width="240" height="128"/>
                                <autoresizingMask key="autoresizingMask" flexibleMaxX="YES" flexibleMaxY="YES"/>
                                <color key="backgroundColor" white="1" alpha="1" colorSpace="calibratedWhite"/>
                                <fontDescription key="fontDescription" type="system" pointSize="14"/>
                                <textInputTraits key="textInputTraits" autocapitalizationType="sentences"/>
                            </textView>
                        </subviews>
                        <color key="backgroundColor" white="1" alpha="1" colorSpace="calibratedWhite"/>
                    </view>
                    <connections>
                        <outlet property="textfield" destination="aE9-3J-7O5" id="27M-tr-A9v"/>
                    </connections>
                </viewController>
                <placeholder placeholderIdentifier="IBFirstResponder" id="Nqs-QY-qAT" userLabel="First Responder" sceneMemberID="firstResponder"/>
            </objects>
            <point key="canvasLocation" x="-80" y="755"/>
        </scene>
    </scenes>
    <inferredMetricsTieBreakers>
        <segue reference="T5H-E2-mlU"/>
    </inferredMetricsTieBreakers>
</document>
